Oven Heater,2020-10-26,Looking for outperform person. 3 years experience.,1,Ultimate Software,0,6
Electronic Wirer,2020-03-27,Looking for exalting person. 1 years experience.,2,Ultimate Software,0,4
Political Research Scientist,2020-08-13,Looking for improving person. 1 years experience.,4,Ultimate Software,0,2
"Tile-Molder, Hand",2020-08-08,Looking for faith person. 1 years experience.,3,Ultimate Software,3,7
Jet-Piercer Operator,2020-07-13,Looking for precious person. 2 years experience.,5,Ultimate Software,2,4
Head of Data,2020-06-17,Looking for statuesque person. 5 years experience.,5,Ultimate Software,1,6
Electric Motor Repairman,2020-10-25,Looking for motivated person. 1 years experience.,2,Ultimate Software,1,5
Riprap Placing Supervisor,2020-05-21,Looking for statuesque person. 5 years experience.,1,Ultimate Software,1,7
Global Mobility Specialist,2020-09-22,Looking for interests person. 3 years experience.,2,Ultimate Software,2,8
Tobacco Educator,2020-07-08,Looking for honest person. 3 years experience.,5,Ultimate Software,1,4
Circulating Process Inspector,2020-06-10,Looking for cleaner person. 4 years experience.,2,Ultimate Software,2,8
Poultry Dresser,2020-09-29,Looking for efficient person. 4 years experience.,1,Ultimate Software,1,3
Associate Merchant,2020-03-09,Looking for mesmerized person. 2 years experience.,5,Ultimate Software,0,6
Solar-Energy-System Installer,2020-07-25,Looking for bullish person. 5 years experience.,5,Ultimate Software,0,4
Porcelain Waxer,2020-02-09,Looking for subsidize person. 1 years experience.,4,Ultimate Software,1,8
UI UX Engineer,2020-09-26,Looking for panoramic person. 1 years experience.,3,Ultimate Software,2,9
Shield Runner,2020-10-14,Looking for integral person. 4 years experience.,3,Ultimate Software,1,3
